prontuario,passagem,exec_dt_tm,departamento,leito,nome,idade,sexo,razao_visita,prob_norm,prob_original,threshold,pred,url_modelo
1059233,47153045,26/09/2022 15:00,MOR-A08 Leste,A883,Mirthes Victor,101,Feminino,Tratamento Clínico,81.0,0.6166666746139526,0.20010004937648773,1,/sandbox/gov_hdsb_prj_deterioracao/homolog/release_2.0.0/model/CLModel_ad=20180801_20200101-vsr=pas=90140pad=5090pam=65100heart=60100resp=1220sat=90-at=60-l=2-g=6-cpi=69eeb6e-mt=rnforest_without_bootstraping-vm=recall-e=thrift.zip
1059233,47153045,26/09/2022 15:30,MOR-A08 Leste,A883,Mirthes Victor,101,Feminino,Tratamento Clínico,27.0,0.04895833507180214,0.20010004937648773,0,/sandbox/gov_hdsb_prj_deterioracao/homolog/release_2.0.0/model/CLModel_ad=20180801_20200101-vsr=pas=90140pad=5090pam=65100heart=60100resp=1220sat=90-at=60-l=2-g=6-cpi=69eeb6e-mt=rnforest_without_bootstraping-vm=recall-e=thrift.zip
1059233,47153045,26/09/2022 19:30,MOR-A08 Leste,A883,Mirthes Victor,101,Feminino,Tratamento Clínico,81.0,0.6145833134651184,0.20010004937648773,1,/sandbox/gov_hdsb_prj_deterioracao/homolog/release_2.0.0/model/CLModel_ad=20180801_20200101-vsr=pas=90140pad=5090pam=65100heart=60100resp=1220sat=90-at=60-l=2-g=6-cpi=69eeb6e-mt=rnforest_without_bootstraping-vm=recall-e=thrift.zip
1059233,47153045,26/09/2022 20:00,MOR-A08 Leste,A883,Mirthes Victor,101,Feminino,Tratamento Clínico,83.0,0.6489583253860474,0.20010004937648773,1,/sandbox/gov_hdsb_prj_deterioracao/homolog/release_2.0.0/model/CLModel_ad=20180801_20200101-vsr=pas=90140pad=5090pam=65100heart=60100resp=1220sat=90-at=60-l=2-g=6-cpi=69eeb6e-mt=rnforest_without_bootstraping-vm=recall-e=thrift.zip
1059233,47153045,26/09/2022 23:30,MOR-A08 Leste,A883,Mirthes Victor,101,Feminino,Tratamento Clínico,54.0,0.24895833432674408,0.20010004937648773,1,/sandbox/gov_hdsb_prj_deterioracao/homolog/release_2.0.0/model/CLModel_ad=20180801_20200101-vsr=pas=90140pad=5090pam=65100heart=60100resp=1220sat=90-at=60-l=2-g=6-cpi=69eeb6e-mt=rnforest_without_bootstraping-vm=recall-e=thrift.zip
1167808,47272794,26/09/2022 13:00,MOR-A08 Oeste,A855,Marcello Augusto Farah Leite,45,Masculino,Tratamento Clínico,34.0,0.08229167014360428,0.20010004937648773,0,/sandbox/gov_hdsb_prj_deterioracao/homolog/release_2.0.0/model/CLModel_ad=20180801_20200101-vsr=pas=90140pad=5090pam=65100heart=60100resp=1220sat=90-at=60-l=2-g=6-cpi=69eeb6e-mt=rnforest_without_bootstraping-vm=recall-e=thrift.zip
1167808,47272794,26/09/2022 13:30,MOR-A08 Oeste,A855,Marcello Augusto Farah Leite,45,Masculino,Tratamento Clínico,28.0,0.05624999850988388,0.20010004937648773,0,/sandbox/gov_hdsb_prj_deterioracao/homolog/release_2.0.0/model/CLModel_ad=20180801_20200101-vsr=pas=90140pad=5090pam=65100heart=60100resp=1220sat=90-at=60-l=2-g=6-cpi=69eeb6e-mt=rnforest_without_bootstraping-vm=recall-e=thrift.zip
1167808,47272794,26/09/2022 14:00,MOR-A08 Oeste,A855,Marcello Augusto Farah Leite,45,Masculino,Tratamento Clínico,44.0,0.15416666865348816,0.20010004937648773,0,/sandbox/gov_hdsb_prj_deterioracao/homolog/release_2.0.0/model/CLModel_ad=20180801_20200101-vsr=pas=90140pad=5090pam=65100heart=60100resp=1220sat=90-at=60-l=2-g=6-cpi=69eeb6e-mt=rnforest_without_bootstraping-vm=recall-e=thrift.zip
1167808,47272794,26/09/2022 15:30,MOR-A08 Oeste,A855,Marcello Augusto Farah Leite,45,Masculino,Tratamento Clínico,64.0,0.3645833432674408,0.20010004937648773,1,/sandbox/gov_hdsb_prj_deterioracao/homolog/release_2.0.0/model/CLModel_ad=20180801_20200101-vsr=pas=90140pad=5090pam=65100heart=60100resp=1220sat=90-at=60-l=2-g=6-cpi=69eeb6e-mt=rnforest_without_bootstraping-vm=recall-e=thrift.zip
1167808,47272794,26/09/2022 18:00,MOR-A08 Oeste,A855,Marcello Augusto Farah Leite,45,Masculino,Tratamento Clínico,61.0,0.3177083432674408,0.20010004937648773,1,/sandbox/gov_hdsb_prj_deterioracao/homolog/release_2.0.0/model/CLModel_ad=20180801_20200101-vsr=pas=90140pad=5090pam=65100heart=60100resp=1220sat=90-at=60-l=2-g=6-cpi=69eeb6e-mt=rnforest_without_bootstraping-vm=recall-e=thrift.zip
1185497,47311320,26/09/2022 14:30,MOR-A08 Leste,A877,CATIA LUANA DA SILVA,45,Feminino,Tratamento Clínico,57.0,0.2770833373069763,0.20010004937648773,1,/sandbox/gov_hdsb_prj_deterioracao/homolog/release_2.0.0/model/CLModel_ad=20180801_20200101-vsr=pas=90140pad=5090pam=65100heart=60100resp=1220sat=90-at=60-l=2-g=6-cpi=69eeb6e-mt=rnforest_without_bootstraping-vm=recall-e=thrift.zip
1185497,47311320,26/09/2022 17:00,MOR-A08 Leste,A877,CATIA LUANA DA SILVA,45,Feminino,Tratamento Clínico,38.0,0.10625000298023224,0.20010004937648773,0,/sandbox/gov_hdsb_prj_deterioracao/homolog/release_2.0.0/model/CLModel_ad=20180801_20200101-vsr=pas=90140pad=5090pam=65100heart=60100resp=1220sat=90-at=60-l=2-g=6-cpi=69eeb6e-mt=rnforest_without_bootstraping-vm=recall-e=thrift.zip
1185497,47311320,26/09/2022 18:30,MOR-A08 Leste,A877,CATIA LUANA DA SILVA,45,Feminino,Tratamento Clínico,51.0,0.21041665971279144,0.20010004937648773,1,/sandbox/gov_hdsb_prj_deterioracao/homolog/release_2.0.0/model/CLModel_ad=20180801_20200101-vsr=pas=90140pad=5090pam=65100heart=60100resp=1220sat=90-at=60-l=2-g=6-cpi=69eeb6e-mt=rnforest_without_bootstraping-vm=recall-e=thrift.zip
1185497,47311320,26/09/2022 19:30,MOR-A08 Leste,A877,CATIA LUANA DA SILVA,45,Feminino,Tratamento Clínico,27.0,0.05000000074505806,0.20010004937648773,0,/sandbox/gov_hdsb_prj_deterioracao/homolog/release_2.0.0/model/CLModel_ad=20180801_20200101-vsr=pas=90140pad=5090pam=65100heart=60100resp=1220sat=90-at=60-l=2-g=6-cpi=69eeb6e-mt=rnforest_without_bootstraping-vm=recall-e=thrift.zip
1185497,47311320,26/09/2022 21:00,MOR-A08 Leste,A877,CATIA LUANA DA SILVA,45,Feminino,Tratamento Clínico,30.0,0.06562499701976776,0.20010004937648773,0,/sandbox/gov_hdsb_prj_deterioracao/homolog/release_2.0.0/model/CLModel_ad=20180801_20200101-vsr=pas=90140pad=5090pam=65100heart=60100resp=1220sat=90-at=60-l=2-g=6-cpi=69eeb6e-mt=rnforest_without_bootstraping-vm=recall-e=thrift.zip
1185497,47311320,26/09/2022 22:30,MOR-A08 Leste,A877,CATIA LUANA DA SILVA,45,Feminino,Tratamento Clínico,78.0,0.5687500238418579,0.20010004937648773,1,/sandbox/gov_hdsb_prj_deterioracao/homolog/release_2.0.0/model/CLModel_ad=20180801_20200101-vsr=pas=90140pad=5090pam=65100heart=60100resp=1220sat=90-at=60-l=2-g=6-cpi=69eeb6e-mt=rnforest_without_bootstraping-vm=recall-e=thrift.zip
1185497,47311320,26/09/2022 23:00,MOR-A08 Leste,A877,CATIA LUANA DA SILVA,45,Feminino,Tratamento Clínico,83.0,0.653124988079071,0.20010004937648773,1,/sandbox/gov_hdsb_prj_deterioracao/homolog/release_2.0.0/model/CLModel_ad=20180801_20200101-vsr=pas=90140pad=5090pam=65100heart=60100resp=1220sat=90-at=60-l=2-g=6-cpi=69eeb6e-mt=rnforest_without_bootstraping-vm=recall-e=thrift.zip
1185497,47311320,26/09/2022 23:30,MOR-A08 Leste,A877,CATIA LUANA DA SILVA,45,Feminino,Tratamento Clínico,80.0,0.6114583611488342,0.20010004937648773,1,/sandbox/gov_hdsb_prj_deterioracao/homolog/release_2.0.0/model/CLModel_ad=20180801_20200101-vsr=pas=90140pad=5090pam=65100heart=60100resp=1220sat=90-at=60-l=2-g=6-cpi=69eeb6e-mt=rnforest_without_bootstraping-vm=recall-e=thrift.zip
1205358,47240807,26/09/2022 17:00,MOR-A08 Oeste,A871,Antonio Carlos Rocha,85,Masculino,Consulta,41.0,0.12708333134651184,0.20010004937648773,0,/sandbox/gov_hdsb_prj_deterioracao/homolog/release_2.0.0/model/CLModel_ad=20180801_20200101-vsr=pas=90140pad=5090pam=65100heart=60100resp=1220sat=90-at=60-l=2-g=6-cpi=69eeb6e-mt=rnforest_without_bootstraping-vm=recall-e=thrift.zip
1205358,47240807,26/09/2022 19:30,MOR-A08 Oeste,A871,Antonio Carlos Rocha,85,Masculino,Consulta,55.0,0.2552083432674408,0.20010004937648773,1,/sandbox/gov_hdsb_prj_deterioracao/homolog/release_2.0.0/model/CLModel_ad=20180801_20200101-vsr=pas=90140pad=5090pam=65100heart=60100resp=1220sat=90-at=60-l=2-g=6-cpi=69eeb6e-mt=rnforest_without_bootstraping-vm=recall-e=thrift.zip
1205358,47240807,26/09/2022 23:00,MOR-A08 Oeste,A871,Antonio Carlos Rocha,85,Masculino,Consulta,32.0,0.07187499850988388,0.20010004937648773,0,/sandbox/gov_hdsb_prj_deterioracao/homolog/release_2.0.0/model/CLModel_ad=20180801_20200101-vsr=pas=90140pad=5090pam=65100heart=60100resp=1220sat=90-at=60-l=2-g=6-cpi=69eeb6e-mt=rnforest_without_bootstraping-vm=recall-e=thrift.zip
1232085,46212844,26/09/2022 14:00,MOR-A08 Oeste,A870,Rozelene Raineri da Silva,53,Feminino,Tratamento Clínico,49.0,0.19479165971279144,0.20010004937648773,0,/sandbox/gov_hdsb_prj_deterioracao/homolog/release_2.0.0/model/CLModel_ad=20180801_20200101-vsr=pas=90140pad=5090pam=65100heart=60100resp=1220sat=90-at=60-l=2-g=6-cpi=69eeb6e-mt=rnforest_without_bootstraping-vm=recall-e=thrift.zip
1232085,46212844,26/09/2022 21:00,MOR-A08 Oeste,A870,Rozelene Raineri da Silva,53,Feminino,Tratamento Clínico,40.0,0.1197916641831398,0.20010004937648773,0,/sandbox/gov_hdsb_prj_deterioracao/homolog/release_2.0.0/model/CLModel_ad=20180801_20200101-vsr=pas=90140pad=5090pam=65100heart=60100resp=1220sat=90-at=60-l=2-g=6-cpi=69eeb6e-mt=rnforest_without_bootstraping-vm=recall-e=thrift.zip
1232085,46212844,26/09/2022 22:00,MOR-A08 Oeste,A870,Rozelene Raineri da Silva,53,Feminino,Tratamento Clínico,46.0,0.17083333432674408,0.20010004937648773,0,/sandbox/gov_hdsb_prj_deterioracao/homolog/release_2.0.0/model/CLModel_ad=20180801_20200101-vsr=pas=90140pad=5090pam=65100heart=60100resp=1220sat=90-at=60-l=2-g=6-cpi=69eeb6e-mt=rnforest_without_bootstraping-vm=recall-e=thrift.zip
1246224,47336665,26/09/2022 12:10,MOR-A08 Oeste,A850,Bruno Delle Vedove Monteiro,20,Masculino,Tratamento Clínico,66.0,0.38749998807907104,0.20010004937648773,1,/sandbox/gov_hdsb_prj_deterioracao/homolog/release_2.0.0/model/CLModel_ad=20180801_20200101-vsr=pas=90140pad=5090pam=65100heart=60100resp=1220sat=90-at=60-l=2-g=6-cpi=69eeb6e-mt=rnforest_without_bootstraping-vm=recall-e=thrift.zip
1246224,47336665,26/09/2022 13:30,MOR-A08 Oeste,A850,Bruno Delle Vedove Monteiro,20,Masculino,Tratamento Clínico,70.0,0.44062501192092896,0.20010004937648773,1,/sandbox/gov_hdsb_prj_deterioracao/homolog/release_2.0.0/model/CLModel_ad=20180801_20200101-vsr=pas=90140pad=5090pam=65100heart=60100resp=1220sat=90-at=60-l=2-g=6-cpi=69eeb6e-mt=rnforest_without_bootstraping-vm=recall-e=thrift.zip
1246224,47336665,26/09/2022 15:30,MOR-A08 Oeste,A850,Bruno Delle Vedove Monteiro,20,Masculino,Tratamento Clínico,69.0,0.4281249940395355,0.20010004937648773,1,/sandbox/gov_hdsb_prj_deterioracao/homolog/release_2.0.0/model/CLModel_ad=20180801_20200101-vsr=pas=90140pad=5090pam=65100heart=60100resp=1220sat=90-at=60-l=2-g=6-cpi=69eeb6e-mt=rnforest_without_bootstraping-vm=recall-e=thrift.zip
1246224,47336665,26/09/2022 18:30,MOR-A08 Oeste,A850,Bruno Delle Vedove Monteiro,20,Masculino,Tratamento Clínico,61.0,0.328125,0.20010004937648773,1,/sandbox/gov_hdsb_prj_deterioracao/homolog/release_2.0.0/model/CLModel_ad=20180801_20200101-vsr=pas=90140pad=5090pam=65100heart=60100resp=1220sat=90-at=60-l=2-g=6-cpi=69eeb6e-mt=rnforest_without_bootstraping-vm=recall-e=thrift.zip
1246224,47336665,26/09/2022 22:00,MOR-A08 Oeste,A850,Bruno Delle Vedove Monteiro,20,Masculino,Tratamento Clínico,40.0,0.12083332985639572,0.20010004937648773,0,/sandbox/gov_hdsb_prj_deterioracao/homolog/release_2.0.0/model/CLModel_ad=20180801_20200101-vsr=pas=90140pad=5090pam=65100heart=60100resp=1220sat=90-at=60-l=2-g=6-cpi=69eeb6e-mt=rnforest_without_bootstraping-vm=recall-e=thrift.zip
1246224,47336665,26/09/2022 23:30,MOR-A08 Oeste,A850,Bruno Delle Vedove Monteiro,20,Masculino,Tratamento Clínico,57.0,0.27291667461395264,0.20010004937648773,1,/sandbox/gov_hdsb_prj_deterioracao/homolog/release_2.0.0/model/CLModel_ad=20180801_20200101-vsr=pas=90140pad=5090pam=65100heart=60100resp=1220sat=90-at=60-l=2-g=6-cpi=69eeb6e-mt=rnforest_without_bootstraping-vm=recall-e=thrift.zip
1363931,47339187,26/09/2022 14:00,MOR-A08 Oeste,A860,Renato Moraes Natali,44,Masculino,Tratamento Clínico,81.0,0.6166666746139526,0.20010004937648773,1,/sandbox/gov_hdsb_prj_deterioracao/homolog/release_2.0.0/model/CLModel_ad=20180801_20200101-vsr=pas=90140pad=5090pam=65100heart=60100resp=1220sat=90-at=60-l=2-g=6-cpi=69eeb6e-mt=rnforest_without_bootstraping-vm=recall-e=thrift.zip
1363931,47339187,26/09/2022 16:30,MOR-A08 Oeste,A860,Renato Moraes Natali,44,Masculino,Tratamento Clínico,61.0,0.31979167461395264,0.20010004937648773,1,/sandbox/gov_hdsb_prj_deterioracao/homolog/release_2.0.0/model/CLModel_ad=20180801_20200101-vsr=pas=90140pad=5090pam=65100heart=60100resp=1220sat=90-at=60-l=2-g=6-cpi=69eeb6e-mt=rnforest_without_bootstraping-vm=recall-e=thrift.zip
1363931,47339187,26/09/2022 21:30,MOR-A08 Oeste,A860,Renato Moraes Natali,44,Masculino,Tratamento Clínico,51.0,0.21145834028720856,0.20010004937648773,1,/sandbox/gov_hdsb_prj_deterioracao/homolog/release_2.0.0/model/CLModel_ad=20180801_20200101-vsr=pas=90140pad=5090pam=65100heart=60100resp=1220sat=90-at=60-l=2-g=6-cpi=69eeb6e-mt=rnforest_without_bootstraping-vm=recall-e=thrift.zip
1363931,47339187,26/09/2022 23:30,MOR-A08 Oeste,A860,Renato Moraes Natali,44,Masculino,Tratamento Clínico,34.0,0.08541666716337204,0.20010004937648773,0,/sandbox/gov_hdsb_prj_deterioracao/homolog/release_2.0.0/model/CLModel_ad=20180801_20200101-vsr=pas=90140pad=5090pam=65100heart=60100resp=1220sat=90-at=60-l=2-g=6-cpi=69eeb6e-mt=rnforest_without_bootstraping-vm=recall-e=thrift.zip
1367435,47190449,26/09/2022 12:00,MOR-A08 Leste,A899,Almir Bressan,92,Masculino,Tratamento Clínico,49.0,0.19583334028720856,0.20010004937648773,0,/sandbox/gov_hdsb_prj_deterioracao/homolog/release_2.0.0/model/CLModel_ad=20180801_20200101-vsr=pas=90140pad=5090pam=65100heart=60100resp=1220sat=90-at=60-l=2-g=6-cpi=69eeb6e-mt=rnforest_without_bootstraping-vm=recall-e=thrift.zip
1367435,47190449,26/09/2022 13:00,MOR-A08 Leste,A899,Almir Bressan,92,Masculino,Tratamento Clínico,43.0,0.14687499403953552,0.20010004937648773,0,/sandbox/gov_hdsb_prj_deterioracao/homolog/release_2.0.0/model/CLModel_ad=20180801_20200101-vsr=pas=90140pad=5090pam=65100heart=60100resp=1220sat=90-at=60-l=2-g=6-cpi=69eeb6e-mt=rnforest_without_bootstraping-vm=recall-e=thrift.zip
1367435,47190449,26/09/2022 16:30,MOR-A08 Leste,A899,Almir Bressan,92,Masculino,Tratamento Clínico,58.0,0.2874999940395355,0.20010004937648773,1,/sandbox/gov_hdsb_prj_deterioracao/homolog/release_2.0.0/model/CLModel_ad=20180801_20200101-vsr=pas=90140pad=5090pam=65100heart=60100resp=1220sat=90-at=60-l=2-g=6-cpi=69eeb6e-mt=rnforest_without_bootstraping-vm=recall-e=thrift.zip
1367435,47190449,26/09/2022 19:30,MOR-A08 Leste,A899,Almir Bressan,92,Masculino,Tratamento Clínico,62.0,0.3395833373069763,0.20010004937648773,1,/sandbox/gov_hdsb_prj_deterioracao/homolog/release_2.0.0/model/CLModel_ad=20180801_20200101-vsr=pas=90140pad=5090pam=65100heart=60100resp=1220sat=90-at=60-l=2-g=6-cpi=69eeb6e-mt=rnforest_without_bootstraping-vm=recall-e=thrift.zip
1420350,47103903,26/09/2022 17:00,MOR-A08 Leste,A891,Cesar Fernandes,84,Masculino,Tratamento Clínico,61.0,0.32499998807907104,0.20010004937648773,1,/sandbox/gov_hdsb_prj_deterioracao/homolog/release_2.0.0/model/CLModel_ad=20180801_20200101-vsr=pas=90140pad=5090pam=65100heart=60100resp=1220sat=90-at=60-l=2-g=6-cpi=69eeb6e-mt=rnforest_without_bootstraping-vm=recall-e=thrift.zip
1420350,47103903,26/09/2022 17:30,MOR-A08 Leste,A891,Cesar Fernandes,84,Masculino,Tratamento Clínico,74.0,0.5041666626930237,0.20010004937648773,1,/sandbox/gov_hdsb_prj_deterioracao/homolog/release_2.0.0/model/CLModel_ad=20180801_20200101-vsr=pas=90140pad=5090pam=65100heart=60100resp=1220sat=90-at=60-l=2-g=6-cpi=69eeb6e-mt=rnforest_without_bootstraping-vm=recall-e=thrift.zip
1420350,47103903,26/09/2022 21:00,MOR-A08 Leste,A891,Cesar Fernandes,84,Masculino,Tratamento Clínico,36.0,0.0989583358168602,0.20010004937648773,0,/sandbox/gov_hdsb_prj_deterioracao/homolog/release_2.0.0/model/CLModel_ad=20180801_20200101-vsr=pas=90140pad=5090pam=65100heart=60100resp=1220sat=90-at=60-l=2-g=6-cpi=69eeb6e-mt=rnforest_without_bootstraping-vm=recall-e=thrift.zip
1420350,47103903,26/09/2022 23:00,MOR-A08 Leste,A891,Cesar Fernandes,84,Masculino,Tratamento Clínico,56.0,0.2604166567325592,0.20010004937648773,1,/sandbox/gov_hdsb_prj_deterioracao/homolog/release_2.0.0/model/CLModel_ad=20180801_20200101-vsr=pas=90140pad=5090pam=65100heart=60100resp=1220sat=90-at=60-l=2-g=6-cpi=69eeb6e-mt=rnforest_without_bootstraping-vm=recall-e=thrift.zip
1420350,47103903,26/09/2022 23:30,MOR-A08 Leste,A891,Cesar Fernandes,84,Masculino,Tratamento Clínico,57.0,0.2802083194255829,0.20010004937648773,1,/sandbox/gov_hdsb_prj_deterioracao/homolog/release_2.0.0/model/CLModel_ad=20180801_20200101-vsr=pas=90140pad=5090pam=65100heart=60100resp=1220sat=90-at=60-l=2-g=6-cpi=69eeb6e-mt=rnforest_without_bootstraping-vm=recall-e=thrift.zip
1493291,47314594,26/09/2022 12:00,MOR-A08 Leste,A879,Luiz Carlos de Campos Netto,81,Masculino,Tratamento Clínico,67.0,0.4072916805744171,0.20010004937648773,1,/sandbox/gov_hdsb_prj_deterioracao/homolog/release_2.0.0/model/CLModel_ad=20180801_20200101-vsr=pas=90140pad=5090pam=65100heart=60100resp=1220sat=90-at=60-l=2-g=6-cpi=69eeb6e-mt=rnforest_without_bootstraping-vm=recall-e=thrift.zip
1493291,47314594,26/09/2022 12:10,MOR-A08 Leste,A879,Luiz Carlos de Campos Netto,81,Masculino,Tratamento Clínico,66.0,0.39270833134651184,0.20010004937648773,1,/sandbox/gov_hdsb_prj_deterioracao/homolog/release_2.0.0/model/CLModel_ad=20180801_20200101-vsr=pas=90140pad=5090pam=65100heart=60100resp=1220sat=90-at=60-l=2-g=6-cpi=69eeb6e-mt=rnforest_without_bootstraping-vm=recall-e=thrift.zip
1493291,47314594,26/09/2022 12:30,MOR-A08 Leste,A879,Luiz Carlos de Campos Netto,81,Masculino,Tratamento Clínico,67.0,0.39895832538604736,0.20010004937648773,1,/sandbox/gov_hdsb_prj_deterioracao/homolog/release_2.0.0/model/CLModel_ad=20180801_20200101-vsr=pas=90140pad=5090pam=65100heart=60100resp=1220sat=90-at=60-l=2-g=6-cpi=69eeb6e-mt=rnforest_without_bootstraping-vm=recall-e=thrift.zip
1493291,47314594,26/09/2022 15:00,MOR-A08 Leste,A879,Luiz Carlos de Campos Netto,81,Masculino,Tratamento Clínico,67.0,0.39895832538604736,0.20010004937648773,1,/sandbox/gov_hdsb_prj_deterioracao/homolog/release_2.0.0/model/CLModel_ad=20180801_20200101-vsr=pas=90140pad=5090pam=65100heart=60100resp=1220sat=90-at=60-l=2-g=6-cpi=69eeb6e-mt=rnforest_without_bootstraping-vm=recall-e=thrift.zip
1493291,47314594,26/09/2022 15:30,MOR-A08 Leste,A879,Luiz Carlos de Campos Netto,81,Masculino,Tratamento Clínico,67.0,0.39895832538604736,0.20010004937648773,1,/sandbox/gov_hdsb_prj_deterioracao/homolog/release_2.0.0/model/CLModel_ad=20180801_20200101-vsr=pas=90140pad=5090pam=65100heart=60100resp=1220sat=90-at=60-l=2-g=6-cpi=69eeb6e-mt=rnforest_without_bootstraping-vm=recall-e=thrift.zip
1493291,47314594,26/09/2022 17:30,MOR-A08 Leste,A879,Luiz Carlos de Campos Netto,81,Masculino,Tratamento Clínico,59.0,0.2958333194255829,0.20010004937648773,1,/sandbox/gov_hdsb_prj_deterioracao/homolog/release_2.0.0/model/CLModel_ad=20180801_20200101-vsr=pas=90140pad=5090pam=65100heart=60100resp=1220sat=90-at=60-l=2-g=6-cpi=69eeb6e-mt=rnforest_without_bootstraping-vm=recall-e=thrift.zip
1493291,47314594,26/09/2022 19:30,MOR-A08 Leste,A879,Luiz Carlos de Campos Netto,81,Masculino,Tratamento Clínico,44.0,0.15208333730697632,0.20010004937648773,0,/sandbox/gov_hdsb_prj_deterioracao/homolog/release_2.0.0/model/CLModel_ad=20180801_20200101-vsr=pas=90140pad=5090pam=65100heart=60100resp=1220sat=90-at=60-l=2-g=6-cpi=69eeb6e-mt=rnforest_without_bootstraping-vm=recall-e=thrift.zip
1493291,47314594,26/09/2022 20:30,MOR-A08 Leste,A879,Luiz Carlos de Campos Netto,81,Masculino,Tratamento Clínico,74.0,0.503125011920929,0.20010004937648773,1,/sandbox/gov_hdsb_prj_deterioracao/homolog/release_2.0.0/model/CLModel_ad=20180801_20200101-vsr=pas=90140pad=5090pam=65100heart=60100resp=1220sat=90-at=60-l=2-g=6-cpi=69eeb6e-mt=rnforest_without_bootstraping-vm=recall-e=thrift.zip
1493291,47314594,26/09/2022 21:00,MOR-A08 Leste,A879,Luiz Carlos de Campos Netto,81,Masculino,Tratamento Clínico,44.0,0.15208333730697632,0.20010004937648773,0,/sandbox/gov_hdsb_prj_deterioracao/homolog/release_2.0.0/model/CLModel_ad=20180801_20200101-vsr=pas=90140pad=5090pam=65100heart=60100resp=1220sat=90-at=60-l=2-g=6-cpi=69eeb6e-mt=rnforest_without_bootstraping-vm=recall-e=thrift.zip
1493291,47314594,26/09/2022 22:00,MOR-A08 Leste,A879,Luiz Carlos de Campos Netto,81,Masculino,Tratamento Clínico,44.0,0.15208333730697632,0.20010004937648773,0,/sandbox/gov_hdsb_prj_deterioracao/homolog/release_2.0.0/model/CLModel_ad=20180801_20200101-vsr=pas=90140pad=5090pam=65100heart=60100resp=1220sat=90-at=60-l=2-g=6-cpi=69eeb6e-mt=rnforest_without_bootstraping-vm=recall-e=thrift.zip
1493291,47314594,26/09/2022 22:30,MOR-A08 Leste,A879,Luiz Carlos de Campos Netto,81,Masculino,Tratamento Clínico,86.0,0.721875011920929,0.20010004937648773,1,/sandbox/gov_hdsb_prj_deterioracao/homolog/release_2.0.0/model/CLModel_ad=20180801_20200101-vsr=pas=90140pad=5090pam=65100heart=60100resp=1220sat=90-at=60-l=2-g=6-cpi=69eeb6e-mt=rnforest_without_bootstraping-vm=recall-e=thrift.zip
1662684,47335142,26/09/2022 12:30,MOR-A08 Leste,A884,Karin Ozai Montoro,39,Feminino,Tratamento Clínico,95.0,0.8958333134651184,0.20010004937648773,1,/sandbox/gov_hdsb_prj_deterioracao/homolog/release_2.0.0/model/CLModel_ad=20180801_20200101-vsr=pas=90140pad=5090pam=65100heart=60100resp=1220sat=90-at=60-l=2-g=6-cpi=69eeb6e-mt=rnforest_without_bootstraping-vm=recall-e=thrift.zip
1662684,47335142,26/09/2022 14:00,MOR-A08 Leste,A884,Karin Ozai Montoro,39,Feminino,Tratamento Clínico,39.0,0.11666666716337204,0.20010004937648773,0,/sandbox/gov_hdsb_prj_deterioracao/homolog/release_2.0.0/model/CLModel_ad=20180801_20200101-vsr=pas=90140pad=5090pam=65100heart=60100resp=1220sat=90-at=60-l=2-g=6-cpi=69eeb6e-mt=rnforest_without_bootstraping-vm=recall-e=thrift.zip
1662684,47335142,26/09/2022 19:00,MOR-A08 Leste,A884,Karin Ozai Montoro,39,Feminino,Tratamento Clínico,63.0,0.34375,0.20010004937648773,1,/sandbox/gov_hdsb_prj_deterioracao/homolog/release_2.0.0/model/CLModel_ad=20180801_20200101-vsr=pas=90140pad=5090pam=65100heart=60100resp=1220sat=90-at=60-l=2-g=6-cpi=69eeb6e-mt=rnforest_without_bootstraping-vm=recall-e=thrift.zip
1662684,47335142,26/09/2022 22:00,MOR-A08 Leste,A884,Karin Ozai Montoro,39,Feminino,Tratamento Clínico,87.0,0.7333333492279053,0.20010004937648773,1,/sandbox/gov_hdsb_prj_deterioracao/homolog/release_2.0.0/model/CLModel_ad=20180801_20200101-vsr=pas=90140pad=5090pam=65100heart=60100resp=1220sat=90-at=60-l=2-g=6-cpi=69eeb6e-mt=rnforest_without_bootstraping-vm=recall-e=thrift.zip
1662684,47335142,26/09/2022 23:00,MOR-A08 Leste,A884,Karin Ozai Montoro,39,Feminino,Tratamento Clínico,25.0,0.0416666679084301,0.20010004937648773,0,/sandbox/gov_hdsb_prj_deterioracao/homolog/release_2.0.0/model/CLModel_ad=20180801_20200101-vsr=pas=90140pad=5090pam=65100heart=60100resp=1220sat=90-at=60-l=2-g=6-cpi=69eeb6e-mt=rnforest_without_bootstraping-vm=recall-e=thrift.zip
1683992,47312942,26/09/2022 19:30,MOR-A08 Oeste,A865,Jose Rubens Gayoso,73,Masculino,Tratamento Clínico,69.0,0.42916667461395264,0.20010004937648773,1,/sandbox/gov_hdsb_prj_deterioracao/homolog/release_2.0.0/model/CLModel_ad=20180801_20200101-vsr=pas=90140pad=5090pam=65100heart=60100resp=1220sat=90-at=60-l=2-g=6-cpi=69eeb6e-mt=rnforest_without_bootstraping-vm=recall-e=thrift.zip
1683992,47312942,26/09/2022 23:00,MOR-A08 Oeste,A865,Jose Rubens Gayoso,73,Masculino,Tratamento Clínico,85.0,0.6895833611488342,0.20010004937648773,1,/sandbox/gov_hdsb_prj_deterioracao/homolog/release_2.0.0/model/CLModel_ad=20180801_20200101-vsr=pas=90140pad=5090pam=65100heart=60100resp=1220sat=90-at=60-l=2-g=6-cpi=69eeb6e-mt=rnforest_without_bootstraping-vm=recall-e=thrift.zip
2592024,47152102,26/09/2022 16:00,MOR-A08 Oeste,A873,Reynaldo Boemer,82,Masculino,Tratamento Clínico,58.0,0.28333333134651184,0.20010004937648773,1,/sandbox/gov_hdsb_prj_deterioracao/homolog/release_2.0.0/model/CLModel_ad=20180801_20200101-vsr=pas=90140pad=5090pam=65100heart=60100resp=1220sat=90-at=60-l=2-g=6-cpi=69eeb6e-mt=rnforest_without_bootstraping-vm=recall-e=thrift.zip
2592024,47152102,26/09/2022 18:00,MOR-A08 Oeste,A873,Reynaldo Boemer,82,Masculino,Tratamento Clínico,30.0,0.06354166567325592,0.20010004937648773,0,/sandbox/gov_hdsb_prj_deterioracao/homolog/release_2.0.0/model/CLModel_ad=20180801_20200101-vsr=pas=90140pad=5090pam=65100heart=60100resp=1220sat=90-at=60-l=2-g=6-cpi=69eeb6e-mt=rnforest_without_bootstraping-vm=recall-e=thrift.zip
2592024,47152102,26/09/2022 19:30,MOR-A08 Oeste,A873,Reynaldo Boemer,82,Masculino,Tratamento Clínico,54.0,0.2395833283662796,0.20010004937648773,1,/sandbox/gov_hdsb_prj_deterioracao/homolog/release_2.0.0/model/CLModel_ad=20180801_20200101-vsr=pas=90140pad=5090pam=65100heart=60100resp=1220sat=90-at=60-l=2-g=6-cpi=69eeb6e-mt=rnforest_without_bootstraping-vm=recall-e=thrift.zip
2592024,47152102,26/09/2022 20:30,MOR-A08 Oeste,A873,Reynaldo Boemer,82,Masculino,Tratamento Clínico,51.0,0.2135416716337204,0.20010004937648773,1,/sandbox/gov_hdsb_prj_deterioracao/homolog/release_2.0.0/model/CLModel_ad=20180801_20200101-vsr=pas=90140pad=5090pam=65100heart=60100resp=1220sat=90-at=60-l=2-g=6-cpi=69eeb6e-mt=rnforest_without_bootstraping-vm=recall-e=thrift.zip
2592024,47152102,26/09/2022 23:30,MOR-A08 Oeste,A873,Reynaldo Boemer,82,Masculino,Tratamento Clínico,37.0,0.10104166716337204,0.20010004937648773,0,/sandbox/gov_hdsb_prj_deterioracao/homolog/release_2.0.0/model/CLModel_ad=20180801_20200101-vsr=pas=90140pad=5090pam=65100heart=60100resp=1220sat=90-at=60-l=2-g=6-cpi=69eeb6e-mt=rnforest_without_bootstraping-vm=recall-e=thrift.zip
314503,47340963,26/09/2022 13:30,MOR-A08 Oeste,A872,Chulamita Derbarindiner Tabacof,92,Feminino,Tratamento Clínico,73.0,0.4833333194255829,0.20010004937648773,1,/sandbox/gov_hdsb_prj_deterioracao/homolog/release_2.0.0/model/CLModel_ad=20180801_20200101-vsr=pas=90140pad=5090pam=65100heart=60100resp=1220sat=90-at=60-l=2-g=6-cpi=69eeb6e-mt=rnforest_without_bootstraping-vm=recall-e=thrift.zip
314503,47340963,26/09/2022 14:30,MOR-A08 Oeste,A872,Chulamita Derbarindiner Tabacof,92,Feminino,Tratamento Clínico,71.0,0.453125,0.20010004937648773,1,/sandbox/gov_hdsb_prj_deterioracao/homolog/release_2.0.0/model/CLModel_ad=20180801_20200101-vsr=pas=90140pad=5090pam=65100heart=60100resp=1220sat=90-at=60-l=2-g=6-cpi=69eeb6e-mt=rnforest_without_bootstraping-vm=recall-e=thrift.zip
314503,47340963,26/09/2022 16:00,MOR-A08 Oeste,A872,Chulamita Derbarindiner Tabacof,92,Feminino,Tratamento Clínico,60.0,0.3166666626930237,0.20010004937648773,1,/sandbox/gov_hdsb_prj_deterioracao/homolog/release_2.0.0/model/CLModel_ad=20180801_20200101-vsr=pas=90140pad=5090pam=65100heart=60100resp=1220sat=90-at=60-l=2-g=6-cpi=69eeb6e-mt=rnforest_without_bootstraping-vm=recall-e=thrift.zip
314503,47340963,26/09/2022 18:30,MOR-A08 Oeste,A872,Chulamita Derbarindiner Tabacof,92,Feminino,Tratamento Clínico,32.0,0.07500000298023224,0.20010004937648773,0,/sandbox/gov_hdsb_prj_deterioracao/homolog/release_2.0.0/model/CLModel_ad=20180801_20200101-vsr=pas=90140pad=5090pam=65100heart=60100resp=1220sat=90-at=60-l=2-g=6-cpi=69eeb6e-mt=rnforest_without_bootstraping-vm=recall-e=thrift.zip
314503,47340963,26/09/2022 21:30,MOR-A08 Oeste,A872,Chulamita Derbarindiner Tabacof,92,Feminino,Tratamento Clínico,27.0,0.05104166641831398,0.20010004937648773,0,/sandbox/gov_hdsb_prj_deterioracao/homolog/release_2.0.0/model/CLModel_ad=20180801_20200101-vsr=pas=90140pad=5090pam=65100heart=60100resp=1220sat=90-at=60-l=2-g=6-cpi=69eeb6e-mt=rnforest_without_bootstraping-vm=recall-e=thrift.zip
324791,47339183,26/09/2022 12:00,MOR-A08 Leste,A894,Mireille Nehmad Cohen,72,Feminino,Tratamento Clínico,54.0,0.24270834028720856,0.20010004937648773,1,/sandbox/gov_hdsb_prj_deterioracao/homolog/release_2.0.0/model/CLModel_ad=20180801_20200101-vsr=pas=90140pad=5090pam=65100heart=60100resp=1220sat=90-at=60-l=2-g=6-cpi=69eeb6e-mt=rnforest_without_bootstraping-vm=recall-e=thrift.zip
324791,47339183,26/09/2022 18:00,MOR-A08 Leste,A894,Mireille Nehmad Cohen,72,Feminino,Tratamento Clínico,52.0,0.22187499701976776,0.20010004937648773,1,/sandbox/gov_hdsb_prj_deterioracao/homolog/release_2.0.0/model/CLModel_ad=20180801_20200101-vsr=pas=90140pad=5090pam=65100heart=60100resp=1220sat=90-at=60-l=2-g=6-cpi=69eeb6e-mt=rnforest_without_bootstraping-vm=recall-e=thrift.zip
324791,47339183,26/09/2022 19:00,MOR-A08 Leste,A894,Mireille Nehmad Cohen,72,Feminino,Tratamento Clínico,24.0,0.0364583320915699,0.20010004937648773,0,/sandbox/gov_hdsb_prj_deterioracao/homolog/release_2.0.0/model/CLModel_ad=20180801_20200101-vsr=pas=90140pad=5090pam=65100heart=60100resp=1220sat=90-at=60-l=2-g=6-cpi=69eeb6e-mt=rnforest_without_bootstraping-vm=recall-e=thrift.zip
324791,47339183,26/09/2022 23:00,MOR-A08 Leste,A894,Mireille Nehmad Cohen,72,Feminino,Tratamento Clínico,52.0,0.22604165971279144,0.20010004937648773,1,/sandbox/gov_hdsb_prj_deterioracao/homolog/release_2.0.0/model/CLModel_ad=20180801_20200101-vsr=pas=90140pad=5090pam=65100heart=60100resp=1220sat=90-at=60-l=2-g=6-cpi=69eeb6e-mt=rnforest_without_bootstraping-vm=recall-e=thrift.zip
336380,47257650,26/09/2022 12:00,MOR-A08 Oeste,A868,Zila Cava Buzzato,75,Feminino,Tratamento Clínico,45.0,0.16249999403953552,0.20010004937648773,0,/sandbox/gov_hdsb_prj_deterioracao/homolog/release_2.0.0/model/CLModel_ad=20180801_20200101-vsr=pas=90140pad=5090pam=65100heart=60100resp=1220sat=90-at=60-l=2-g=6-cpi=69eeb6e-mt=rnforest_without_bootstraping-vm=recall-e=thrift.zip
336380,47257650,26/09/2022 13:30,MOR-A08 Oeste,A868,Zila Cava Buzzato,75,Feminino,Tratamento Clínico,37.0,0.10520832985639572,0.20010004937648773,0,/sandbox/gov_hdsb_prj_deterioracao/homolog/release_2.0.0/model/CLModel_ad=20180801_20200101-vsr=pas=90140pad=5090pam=65100heart=60100resp=1220sat=90-at=60-l=2-g=6-cpi=69eeb6e-mt=rnforest_without_bootstraping-vm=recall-e=thrift.zip
336380,47257650,26/09/2022 14:30,MOR-A08 Oeste,A868,Zila Cava Buzzato,75,Feminino,Tratamento Clínico,49.0,0.19374999403953552,0.20010004937648773,0,/sandbox/gov_hdsb_prj_deterioracao/homolog/release_2.0.0/model/CLModel_ad=20180801_20200101-vsr=pas=90140pad=5090pam=65100heart=60100resp=1220sat=90-at=60-l=2-g=6-cpi=69eeb6e-mt=rnforest_without_bootstraping-vm=recall-e=thrift.zip
336380,47257650,26/09/2022 17:30,MOR-A08 Oeste,A868,Zila Cava Buzzato,75,Feminino,Tratamento Clínico,49.0,0.19374999403953552,0.20010004937648773,0,/sandbox/gov_hdsb_prj_deterioracao/homolog/release_2.0.0/model/CLModel_ad=20180801_20200101-vsr=pas=90140pad=5090pam=65100heart=60100resp=1220sat=90-at=60-l=2-g=6-cpi=69eeb6e-mt=rnforest_without_bootstraping-vm=recall-e=thrift.zip
336380,47257650,26/09/2022 21:00,MOR-A08 Oeste,A868,Zila Cava Buzzato,75,Feminino,Tratamento Clínico,40.0,0.12187500298023224,0.20010004937648773,0,/sandbox/gov_hdsb_prj_deterioracao/homolog/release_2.0.0/model/CLModel_ad=20180801_20200101-vsr=pas=90140pad=5090pam=65100heart=60100resp=1220sat=90-at=60-l=2-g=6-cpi=69eeb6e-mt=rnforest_without_bootstraping-vm=recall-e=thrift.zip
336380,47257650,26/09/2022 21:30,MOR-A08 Oeste,A868,Zila Cava Buzzato,75,Feminino,Tratamento Clínico,42.0,0.140625,0.20010004937648773,0,/sandbox/gov_hdsb_prj_deterioracao/homolog/release_2.0.0/model/CLModel_ad=20180801_20200101-vsr=pas=90140pad=5090pam=65100heart=60100resp=1220sat=90-at=60-l=2-g=6-cpi=69eeb6e-mt=rnforest_without_bootstraping-vm=recall-e=thrift.zip
348210,47242358,26/09/2022 12:10,MOR-A08 Leste,A888,Jorge Diamant,78,Masculino,Tratamento Clínico,61.0,0.32499998807907104,0.20010004937648773,1,/sandbox/gov_hdsb_prj_deterioracao/homolog/release_2.0.0/model/CLModel_ad=20180801_20200101-vsr=pas=90140pad=5090pam=65100heart=60100resp=1220sat=90-at=60-l=2-g=6-cpi=69eeb6e-mt=rnforest_without_bootstraping-vm=recall-e=thrift.zip
348210,47242358,26/09/2022 13:30,MOR-A08 Leste,A888,Jorge Diamant,78,Masculino,Tratamento Clínico,58.0,0.2874999940395355,0.20010004937648773,1,/sandbox/gov_hdsb_prj_deterioracao/homolog/release_2.0.0/model/CLModel_ad=20180801_20200101-vsr=pas=90140pad=5090pam=65100heart=60100resp=1220sat=90-at=60-l=2-g=6-cpi=69eeb6e-mt=rnforest_without_bootstraping-vm=recall-e=thrift.zip
348210,47242358,26/09/2022 19:00,MOR-A08 Leste,A888,Jorge Diamant,78,Masculino,Tratamento Clínico,44.0,0.15520833432674408,0.20010004937648773,0,/sandbox/gov_hdsb_prj_deterioracao/homolog/release_2.0.0/model/CLModel_ad=20180801_20200101-vsr=pas=90140pad=5090pam=65100heart=60100resp=1220sat=90-at=60-l=2-g=6-cpi=69eeb6e-mt=rnforest_without_bootstraping-vm=recall-e=thrift.zip
348210,47242358,26/09/2022 20:30,MOR-A08 Leste,A888,Jorge Diamant,78,Masculino,Tratamento Clínico,31.0,0.07083333283662796,0.20010004937648773,0,/sandbox/gov_hdsb_prj_deterioracao/homolog/release_2.0.0/model/CLModel_ad=20180801_20200101-vsr=pas=90140pad=5090pam=65100heart=60100resp=1220sat=90-at=60-l=2-g=6-cpi=69eeb6e-mt=rnforest_without_bootstraping-vm=recall-e=thrift.zip
356729,47334302,26/09/2022 12:00,MOR-A08 Oeste,A869,Astir Medeiros Fernandes,86,Feminino,Tratamento Clínico,20.0,0.02500000037252903,0.20010004937648773,0,/sandbox/gov_hdsb_prj_deterioracao/homolog/release_2.0.0/model/CLModel_ad=20180801_20200101-vsr=pas=90140pad=5090pam=65100heart=60100resp=1220sat=90-at=60-l=2-g=6-cpi=69eeb6e-mt=rnforest_without_bootstraping-vm=recall-e=thrift.zip
356729,47334302,26/09/2022 16:30,MOR-A08 Oeste,A869,Astir Medeiros Fernandes,86,Feminino,Tratamento Clínico,36.0,0.09791667014360428,0.20010004937648773,0,/sandbox/gov_hdsb_prj_deterioracao/homolog/release_2.0.0/model/CLModel_ad=20180801_20200101-vsr=pas=90140pad=5090pam=65100heart=60100resp=1220sat=90-at=60-l=2-g=6-cpi=69eeb6e-mt=rnforest_without_bootstraping-vm=recall-e=thrift.zip
356729,47334302,26/09/2022 17:00,MOR-A08 Oeste,A869,Astir Medeiros Fernandes,86,Feminino,Tratamento Clínico,36.0,0.09791667014360428,0.20010004937648773,0,/sandbox/gov_hdsb_prj_deterioracao/homolog/release_2.0.0/model/CLModel_ad=20180801_20200101-vsr=pas=90140pad=5090pam=65100heart=60100resp=1220sat=90-at=60-l=2-g=6-cpi=69eeb6e-mt=rnforest_without_bootstraping-vm=recall-e=thrift.zip
356729,47334302,26/09/2022 23:30,MOR-A08 Oeste,A869,Astir Medeiros Fernandes,86,Feminino,Tratamento Clínico,85.0,0.6916666626930237,0.20010004937648773,1,/sandbox/gov_hdsb_prj_deterioracao/homolog/release_2.0.0/model/CLModel_ad=20180801_20200101-vsr=pas=90140pad=5090pam=65100heart=60100resp=1220sat=90-at=60-l=2-g=6-cpi=69eeb6e-mt=rnforest_without_bootstraping-vm=recall-e=thrift.zip
377186,47215486,26/09/2022 12:00,MOR-A08 Leste,A878,Paula Moas,95,Feminino,Tratamento Clínico,57.0,0.2822916805744171,0.20010004937648773,1,/sandbox/gov_hdsb_prj_deterioracao/homolog/release_2.0.0/model/CLModel_ad=20180801_20200101-vsr=pas=90140pad=5090pam=65100heart=60100resp=1220sat=90-at=60-l=2-g=6-cpi=69eeb6e-mt=rnforest_without_bootstraping-vm=recall-e=thrift.zip
377186,47215486,26/09/2022 18:30,MOR-A08 Leste,A878,Paula Moas,95,Feminino,Tratamento Clínico,48.0,0.18645833432674408,0.20010004937648773,0,/sandbox/gov_hdsb_prj_deterioracao/homolog/release_2.0.0/model/CLModel_ad=20180801_20200101-vsr=pas=90140pad=5090pam=65100heart=60100resp=1220sat=90-at=60-l=2-g=6-cpi=69eeb6e-mt=rnforest_without_bootstraping-vm=recall-e=thrift.zip
377186,47215486,26/09/2022 22:30,MOR-A08 Leste,A878,Paula Moas,95,Feminino,Tratamento Clínico,52.0,0.22187499701976776,0.20010004937648773,1,/sandbox/gov_hdsb_prj_deterioracao/homolog/release_2.0.0/model/CLModel_ad=20180801_20200101-vsr=pas=90140pad=5090pam=65100heart=60100resp=1220sat=90-at=60-l=2-g=6-cpi=69eeb6e-mt=rnforest_without_bootstraping-vm=recall-e=thrift.zip
3996173,47286314,26/09/2022 13:00,MOR-A08 Leste,A898,Beatriz Casagrande Moreira Saatkamp,38,Feminino,Tratamento Clínico,72.0,0.47708332538604736,0.20010004937648773,1,/sandbox/gov_hdsb_prj_deterioracao/homolog/release_2.0.0/model/CLModel_ad=20180801_20200101-vsr=pas=90140pad=5090pam=65100heart=60100resp=1220sat=90-at=60-l=2-g=6-cpi=69eeb6e-mt=rnforest_without_bootstraping-vm=recall-e=thrift.zip
3996173,47286314,26/09/2022 15:00,MOR-A08 Leste,A898,Beatriz Casagrande Moreira Saatkamp,38,Feminino,Tratamento Clínico,56.0,0.26875001192092896,0.20010004937648773,1,/sandbox/gov_hdsb_prj_deterioracao/homolog/release_2.0.0/model/CLModel_ad=20180801_20200101-vsr=pas=90140pad=5090pam=65100heart=60100resp=1220sat=90-at=60-l=2-g=6-cpi=69eeb6e-mt=rnforest_without_bootstraping-vm=recall-e=thrift.zip
3996173,47286314,26/09/2022 17:00,MOR-A08 Leste,A898,Beatriz Casagrande Moreira Saatkamp,38,Feminino,Tratamento Clínico,57.0,0.2770833373069763,0.20010004937648773,1,/sandbox/gov_hdsb_prj_deterioracao/homolog/release_2.0.0/model/CLModel_ad=20180801_20200101-vsr=pas=90140pad=5090pam=65100heart=60100resp=1220sat=90-at=60-l=2-g=6-cpi=69eeb6e-mt=rnforest_without_bootstraping-vm=recall-e=thrift.zip
3996173,47286314,26/09/2022 20:30,MOR-A08 Leste,A898,Beatriz Casagrande Moreira Saatkamp,38,Feminino,Tratamento Clínico,47.0,0.17604166269302368,0.20010004937648773,0,/sandbox/gov_hdsb_prj_deterioracao/homolog/release_2.0.0/model/CLModel_ad=20180801_20200101-vsr=pas=90140pad=5090pam=65100heart=60100resp=1220sat=90-at=60-l=2-g=6-cpi=69eeb6e-mt=rnforest_without_bootstraping-vm=recall-e=thrift.zip
3996173,47286314,26/09/2022 23:00,MOR-A08 Leste,A898,Beatriz Casagrande Moreira Saatkamp,38,Feminino,Tratamento Clínico,43.0,0.14374999701976776,0.20010004937648773,0,/sandbox/gov_hdsb_prj_deterioracao/homolog/release_2.0.0/model/CLModel_ad=20180801_20200101-vsr=pas=90140pad=5090pam=65100heart=60100resp=1220sat=90-at=60-l=2-g=6-cpi=69eeb6e-mt=rnforest_without_bootstraping-vm=recall-e=thrift.zip
4025569,47336176,26/09/2022 14:00,MOR-A08 Leste,A880,Beatriz Vaz Bernussi,68,Feminino,Tratamento Clínico,34.0,0.08645833283662796,0.20010004937648773,0,/sandbox/gov_hdsb_prj_deterioracao/homolog/release_2.0.0/model/CLModel_ad=20180801_20200101-vsr=pas=90140pad=5090pam=65100heart=60100resp=1220sat=90-at=60-l=2-g=6-cpi=69eeb6e-mt=rnforest_without_bootstraping-vm=recall-e=thrift.zip
4025569,47336176,26/09/2022 14:30,MOR-A08 Leste,A880,Beatriz Vaz Bernussi,68,Feminino,Tratamento Clínico,36.0,0.09479166567325592,0.20010004937648773,0,/sandbox/gov_hdsb_prj_deterioracao/homolog/release_2.0.0/model/CLModel_ad=20180801_20200101-vsr=pas=90140pad=5090pam=65100heart=60100resp=1220sat=90-at=60-l=2-g=6-cpi=69eeb6e-mt=rnforest_without_bootstraping-vm=recall-e=thrift.zip
4025569,47336176,26/09/2022 18:00,MOR-A08 Leste,A880,Beatriz Vaz Bernussi,68,Feminino,Tratamento Clínico,48.0,0.19062499701976776,0.20010004937648773,0,/sandbox/gov_hdsb_prj_deterioracao/homolog/release_2.0.0/model/CLModel_ad=20180801_20200101-vsr=pas=90140pad=5090pam=65100heart=60100resp=1220sat=90-at=60-l=2-g=6-cpi=69eeb6e-mt=rnforest_without_bootstraping-vm=recall-e=thrift.zip
